{
  "id": "2242921",
  "name": "vue-pc",
  "font_family": "iconfont",
  "css_prefix_text": "icon-",
  "description": "",
  "glyphs": [
    {
      "icon_id": "479409",
      "name": "箭头",
      "font_class": "jiantou2",
      "unicode": "e618",
      "unicode_decimal": 58904
    },
    {
      "icon_id": "608351",
      "name": "箭头",
      "font_class": "jiantouarrow486",
      "unicode": "e6aa",
      "unicode_decimal": 59050
    },
    {
      "icon_id": "5077697",
      "name": "箭头",
      "font_class": "jiantou",
      "unicode": "e63a",
      "unicode_decimal": 58938
    },
    {
      "icon_id": "12686945",
      "name": "箭头",
      "font_class": "icon-",
      "unicode": "e655",
      "unicode_decimal": 58965
    }
  ]
}
